Residue_Number,Residue_Name,Window,Hydropathy_Cutoff,Minimum_Blob_Length,blob_length,Normalized_Mean_Blob_Hydropathy,Min_Blob_Hydropathy,Blob_Type,Blob_Index_Number,Blob_Das-Pappu_Class,Blob_NCPR,Fraction_of_Positively_Charged_Residues,Fraction_of_Negatively_Charged_Residues,Fraction_of_Charged_Residues,Uversky_Diagram_Score,dSNP_enrichment,Blob_Disorder,Normalized_Kyte-Doolittle_hydropathy,Kyte-Doolittle_hydropathy
1,M,3,0.4,4,4,0.4611111111111111,0.1111111111111111,p,p1,2,-0.25,0.0,0.25,0.25,0.039204782626690735,0.0,0.0,0.7111111111111111,1.9000000000000004
2,E,3,0.4,4,4,0.4611111111111111,0.1111111111111111,p,p1,2,-0.25,0.0,0.25,0.25,0.039204782626690735,0.0,0.0,0.1111111111111111,-3.5
3,P,3,0.4,4,4,0.4611111111111111,0.1111111111111111,p,p1,2,-0.25,0.0,0.25,0.25,0.039204782626690735,0.0,0.0,0.3222222222222222,-1.6000000000000005
4,A,3,0.4,4,4,0.4611111111111111,0.1111111111111111,p,p1,2,-0.25,0.0,0.25,0.25,0.039204782626690735,0.0,0.0,0.7,1.7999999999999998
5,A,3,0.4,4,6,0.4666666666666666,0.1111111111111111,h,h1a,1,-0.16666666666666666,0.0,0.16666666666666666,0.16666666666666666,0.005814283724977087,0.76,0.0,0.7,1.7999999999999998
6,G,3,0.4,4,6,0.4666666666666666,0.1111111111111111,h,h1a,1,-0.16666666666666666,0.0,0.16666666666666666,0.16666666666666666,0.005814283724977087,0.76,0.0,0.4555555555555555,-0.40000000000000036
7,S,3,0.4,4,6,0.4666666666666666,0.1111111111111111,h,h1a,1,-0.16666666666666666,0.0,0.16666666666666666,0.16666666666666666,0.005814283724977087,0.76,0.0,0.41111111111111115,-0.7999999999999998
8,S,3,0.4,4,6,0.4666666666666666,0.1111111111111111,h,h1a,1,-0.16666666666666666,0.0,0.16666666666666666,0.16666666666666666,0.005814283724977087,0.76,0.0,0.41111111111111115,-0.7999999999999998
9,M,3,0.4,4,6,0.4666666666666666,0.1111111111111111,h,h1a,1,-0.16666666666666666,0.0,0.16666666666666666,0.16666666666666666,0.005814283724977087,0.76,0.0,0.7111111111111111,1.9000000000000004
10,E,3,0.4,4,6,0.4666666666666666,0.1111111111111111,h,h1a,1,-0.16666666666666666,0.0,0.16666666666666666,0.16666666666666666,0.005814283724977087,0.76,0.0,0.1111111111111111,-3.5
11,P,3,0.4,4,2,0.3666666666666667,0.3222222222222222,s,s1,1,0.0,0.0,0.0,0.0,0.04360740955525512,0.0,0.0,0.3222222222222222,-1.6000000000000005
12,S,3,0.4,4,2,0.3666666666666667,0.3222222222222222,s,s1,1,0.0,0.0,0.0,0.0,0.04360740955525512,0.0,0.0,0.41111111111111115,-0.7999999999999998
13,A,3,0.4,4,10,0.5355555555555556,0.0,h,h1b,1,0.0,0.1,0.1,0.2,-0.11534525836797713,0.0,0.0,0.7,1.7999999999999998
14,D,3,0.4,4,10,0.5355555555555556,0.0,h,h1b,1,0.0,0.1,0.1,0.2,-0.11534525836797713,0.0,0.0,0.1111111111111111,-3.5
15,W,3,0.4,4,10,0.5355555555555556,0.0,h,h1b,1,0.0,0.1,0.1,0.2,-0.11534525836797713,0.0,0.0,0.4,-0.8999999999999999
16,L,3,0.4,4,10,0.5355555555555556,0.0,h,h1b,1,0.0,0.1,0.1,0.2,-0.11534525836797713,0.0,0.0,0.9222222222222223,3.8000000000000007
17,A,3,0.4,4,10,0.5355555555555556,0.0,h,h1b,1,0.0,0.1,0.1,0.2,-0.11534525836797713,0.0,0.0,0.7,1.7999999999999998
18,T,3,0.4,4,10,0.5355555555555556,0.0,h,h1b,1,0.0,0.1,0.1,0.2,-0.11534525836797713,0.0,0.0,0.4222222222222222,-0.7000000000000002
19,A,3,0.4,4,10,0.5355555555555556,0.0,h,h1b,1,0.0,0.1,0.1,0.2,-0.11534525836797713,0.0,0.0,0.7,1.7999999999999998
20,A,3,0.4,4,10,0.5355555555555556,0.0,h,h1b,1,0.0,0.1,0.1,0.2,-0.11534525836797713,0.0,0.0,0.7,1.7999999999999998
21,A,3,0.4,4,10,0.5355555555555556,0.0,h,h1b,1,0.0,0.1,0.1,0.2,-0.11534525836797713,0.0,0.0,0.7,1.7999999999999998
22,R,3,0.4,4,10,0.5355555555555556,0.0,h,h1b,1,0.0,0.1,0.1,0.2,-0.11534525836797713,0.0,0.0,0.0,-4.5
23,G,3,0.4,4,7,0.37301587301587297,0.0,p,p2,3,0.0,0.2857142857142857,0.2857142857142857,0.5714285714285714,0.03763174534761488,0.0,0.0,0.4555555555555555,-0.40000000000000036
24,R,3,0.4,4,7,0.37301587301587297,0.0,p,p2,3,0.0,0.2857142857142857,0.2857142857142857,0.5714285714285714,0.03763174534761488,0.0,0.0,0.0,-4.5
25,V,3,0.4,4,7,0.37301587301587297,0.0,p,p2,3,0.0,0.2857142857142857,0.2857142857142857,0.5714285714285714,0.03763174534761488,0.0,0.0,0.9666666666666666,4.199999999999999
26,E,3,0.4,4,7,0.37301587301587297,0.0,p,p2,3,0.0,0.2857142857142857,0.2857142857142857,0.5714285714285714,0.03763174534761488,0.0,0.0,0.1111111111111111,-3.5
27,E,3,0.4,4,7,0.37301587301587297,0.0,p,p2,3,0.0,0.2857142857142857,0.2857142857142857,0.5714285714285714,0.03763174534761488,0.0,0.0,0.1111111111111111,-3.5
28,V,3,0.4,4,7,0.37301587301587297,0.0,p,p2,3,0.0,0.2857142857142857,0.2857142857142857,0.5714285714285714,0.03763174534761488,0.0,0.0,0.9666666666666666,4.199999999999999
29,R,3,0.4,4,7,0.37301587301587297,0.0,p,p2,3,0.0,0.2857142857142857,0.2857142857142857,0.5714285714285714,0.03763174534761488,0.0,0.0,0.0,-4.5
30,A,3,0.4,4,10,0.5866666666666667,0.1111111111111111,h,h2,1,-0.1,0.0,0.1,0.1,-0.12965520397544752,0.9,0.0,0.7,1.7999999999999998
31,L,3,0.4,4,10,0.5866666666666667,0.1111111111111111,h,h2,1,-0.1,0.0,0.1,0.1,-0.12965520397544752,0.9,0.0,0.9222222222222223,3.8000000000000007
32,L,3,0.4,4,10,0.5866666666666667,0.1111111111111111,h,h2,1,-0.1,0.0,0.1,0.1,-0.12965520397544752,0.9,0.0,0.9222222222222223,3.8000000000000007
33,E,3,0.4,4,10,0.5866666666666667,0.1111111111111111,h,h2,1,-0.1,0.0,0.1,0.1,-0.12965520397544752,0.9,0.0,0.1111111111111111,-3.5
34,A,3,0.4,4,10,0.5866666666666667,0.1111111111111111,h,h2,1,-0.1,0.0,0.1,0.1,-0.12965520397544752,0.9,0.0,0.7,1.7999999999999998
35,G,3,0.4,4,10,0.5866666666666667,0.1111111111111111,h,h2,1,-0.1,0.0,0.1,0.1,-0.12965520397544752,0.9,0.0,0.4555555555555555,-0.40000000000000036
36,A,3,0.4,4,10,0.5866666666666667,0.1111111111111111,h,h2,1,-0.1,0.0,0.1,0.1,-0.12965520397544752,0.9,0.0,0.7,1.7999999999999998
37,L,3,0.4,4,10,0.5866666666666667,0.1111111111111111,h,h2,1,-0.1,0.0,0.1,0.1,-0.12965520397544752,0.9,0.0,0.9222222222222223,3.8000000000000007
38,P,3,0.4,4,10,0.5866666666666667,0.1111111111111111,h,h2,1,-0.1,0.0,0.1,0.1,-0.12965520397544752,0.9,0.0,0.3222222222222222,-1.6000000000000005
39,N,3,0.4,4,10,0.5866666666666667,0.1111111111111111,h,h2,1,-0.1,0.0,0.1,0.1,-0.12965520397544752,0.9,0.0,0.1111111111111111,-3.5
40,A,3,0.4,4,9,0.29753086419753083,0.0,p,p3,1,0.2222222222222222,0.2222222222222222,0.0,0.2222222222222222,0.1837738670696365,0.0,0.0,0.7,1.7999999999999998
41,P,3,0.4,4,9,0.29753086419753083,0.0,p,p3,1,0.2222222222222222,0.2222222222222222,0.0,0.2222222222222222,0.1837738670696365,0.0,0.0,0.3222222222222222,-1.6000000000000005
42,N,3,0.4,4,9,0.29753086419753083,0.0,p,p3,1,0.2222222222222222,0.2222222222222222,0.0,0.2222222222222222,0.1837738670696365,0.0,0.0,0.1111111111111111,-3.5
43,S,3,0.4,4,9,0.29753086419753083,0.0,p,p3,1,0.2222222222222222,0.2222222222222222,0.0,0.2222222222222222,0.1837738670696365,0.0,0.0,0.41111111111111115,-0.7999999999999998
44,Y,3,0.4,4,9,0.29753086419753083,0.0,p,p3,1,0.2222222222222222,0.2222222222222222,0.0,0.2222222222222222,0.1837738670696365,0.0,0.0,0.35555555555555557,-1.2999999999999998
45,G,3,0.4,4,9,0.29753086419753083,0.0,p,p3,1,0.2222222222222222,0.2222222222222222,0.0,0.2222222222222222,0.1837738670696365,0.0,0.0,0.4555555555555555,-0.40000000000000036
46,R,3,0.4,4,9,0.29753086419753083,0.0,p,p3,1,0.2222222222222222,0.2222222222222222,0.0,0.2222222222222222,0.1837738670696365,0.0,0.0,0.0,-4.5
47,R,3,0.4,4,9,0.29753086419753083,0.0,p,p3,1,0.2222222222222222,0.2222222222222222,0.0,0.2222222222222222,0.1837738670696365,0.0,0.0,0.0,-4.5
48,P,3,0.4,4,9,0.29753086419753083,0.0,p,p3,1,0.2222222222222222,0.2222222222222222,0.0,0.2222222222222222,0.1837738670696365,0.0,0.0,0.3222222222222222,-1.6000000000000005
49,I,3,0.4,4,9,0.6419753086419753,0.1111111111111111,h,h3a,1,0.0,0.0,0.0,0.0,-0.21550403011492608,0.62,0.0,1.0,4.5
50,Q,3,0.4,4,9,0.6419753086419753,0.1111111111111111,h,h3a,1,0.0,0.0,0.0,0.0,-0.21550403011492608,0.62,0.0,0.1111111111111111,-3.5
51,V,3,0.4,4,9,0.6419753086419753,0.1111111111111111,h,h3a,1,0.0,0.0,0.0,0.0,-0.21550403011492608,0.62,0.0,0.9666666666666666,4.199999999999999
52,M,3,0.4,4,9,0.6419753086419753,0.1111111111111111,h,h3a,1,0.0,0.0,0.0,0.0,-0.21550403011492608,0.62,0.0,0.7111111111111111,1.9000000000000004
53,M,3,0.4,4,9,0.6419753086419753,0.1111111111111111,h,h3a,1,0.0,0.0,0.0,0.0,-0.21550403011492608,0.62,0.0,0.7111111111111111,1.9000000000000004
54,M,3,0.4,4,9,0.6419753086419753,0.1111111111111111,h,h3a,1,0.0,0.0,0.0,0.0,-0.21550403011492608,0.62,0.0,0.7111111111111111,1.9000000000000004
55,G,3,0.4,4,9,0.6419753086419753,0.1111111111111111,h,h3a,1,0.0,0.0,0.0,0.0,-0.21550403011492608,0.62,0.0,0.4555555555555555,-0.40000000000000036
56,S,3,0.4,4,9,0.6419753086419753,0.1111111111111111,h,h3a,1,0.0,0.0,0.0,0.0,-0.21550403011492608,0.62,0.0,0.41111111111111115,-0.7999999999999998
57,A,3,0.4,4,9,0.6419753086419753,0.1111111111111111,h,h3a,1,0.0,0.0,0.0,0.0,-0.21550403011492608,0.62,0.0,0.7,1.7999999999999998
58,R,3,0.4,4,1,0.0,0.0,s,s2,5,1.0,1.0,0.0,1.0,0.7266435301868239,0.0,0.0,0.0,-4.5
59,V,3,0.4,4,11,0.6252525252525252,0.1111111111111111,h,h3b,1,-0.18181818181818182,0.0,0.18181818181818182,0.18181818181818182,-0.13832118496676088,0.7,0.0,0.9666666666666666,4.199999999999999
60,A,3,0.4,4,11,0.6252525252525252,0.1111111111111111,h,h3b,1,-0.18181818181818182,0.0,0.18181818181818182,0.18181818181818182,-0.13832118496676088,0.7,0.0,0.7,1.7999999999999998
61,E,3,0.4,4,11,0.6252525252525252,0.1111111111111111,h,h3b,1,-0.18181818181818182,0.0,0.18181818181818182,0.18181818181818182,-0.13832118496676088,0.7,0.0,0.1111111111111111,-3.5
62,L,3,0.4,4,11,0.6252525252525252,0.1111111111111111,h,h3b,1,-0.18181818181818182,0.0,0.18181818181818182,0.18181818181818182,-0.13832118496676088,0.7,0.0,0.9222222222222223,3.8000000000000007
63,L,3,0.4,4,11,0.6252525252525252,0.1111111111111111,h,h3b,1,-0.18181818181818182,0.0,0.18181818181818182,0.18181818181818182,-0.13832118496676088,0.7,0.0,0.9222222222222223,3.8000000000000007
64,L,3,0.4,4,11,0.6252525252525252,0.1111111111111111,h,h3b,1,-0.18181818181818182,0.0,0.18181818181818182,0.18181818181818182,-0.13832118496676088,0.7,0.0,0.9222222222222223,3.8000000000000007
65,L,3,0.4,4,11,0.6252525252525252,0.1111111111111111,h,h3b,1,-0.18181818181818182,0.0,0.18181818181818182,0.18181818181818182,-0.13832118496676088,0.7,0.0,0.9222222222222223,3.8000000000000007
66,H,3,0.4,4,11,0.6252525252525252,0.1111111111111111,h,h3b,1,-0.18181818181818182,0.0,0.18181818181818182,0.18181818181818182,-0.13832118496676088,0.7,0.0,0.14444444444444443,-3.2
67,G,3,0.4,4,11,0.6252525252525252,0.1111111111111111,h,h3b,1,-0.18181818181818182,0.0,0.18181818181818182,0.18181818181818182,-0.13832118496676088,0.7,0.0,0.4555555555555555,-0.40000000000000036
68,A,3,0.4,4,11,0.6252525252525252,0.1111111111111111,h,h3b,1,-0.18181818181818182,0.0,0.18181818181818182,0.18181818181818182,-0.13832118496676088,0.7,0.0,0.7,1.7999999999999998
69,E,3,0.4,4,11,0.6252525252525252,0.1111111111111111,h,h3b,1,-0.18181818181818182,0.0,0.18181818181818182,0.18181818181818182,-0.13832118496676088,0.7,0.0,0.1111111111111111,-3.5
70,P,3,0.4,4,7,0.4349206349206349,0.1111111111111111,p,p4,1,0.0,0.0,0.0,0.0,-0.02063098067687815,0.0,0.0,0.3222222222222222,-1.6000000000000005
71,N,3,0.4,4,7,0.4349206349206349,0.1111111111111111,p,p4,1,0.0,0.0,0.0,0.0,-0.02063098067687815,0.0,0.0,0.1111111111111111,-3.5
72,C,3,0.4,4,7,0.4349206349206349,0.1111111111111111,p,p4,1,0.0,0.0,0.0,0.0,-0.02063098067687815,0.0,0.0,0.7777777777777778,2.5
73,A,3,0.4,4,7,0.4349206349206349,0.1111111111111111,p,p4,1,0.0,0.0,0.0,0.0,-0.02063098067687815,0.0,0.0,0.7,1.7999999999999998
74,N,3,0.4,4,7,0.4349206349206349,0.1111111111111111,p,p4,1,0.0,0.0,0.0,0.0,-0.02063098067687815,0.0,0.0,0.1111111111111111,-3.5
75,P,3,0.4,4,7,0.4349206349206349,0.1111111111111111,p,p4,1,0.0,0.0,0.0,0.0,-0.02063098067687815,0.0,0.0,0.3222222222222222,-1.6000000000000005
76,A,3,0.4,4,7,0.4349206349206349,0.1111111111111111,p,p4,1,0.0,0.0,0.0,0.0,-0.02063098067687815,0.0,0.0,0.7,1.7999999999999998
77,T,3,0.4,4,4,0.4416666666666667,0.0,h,h4,2,0.25,0.25,0.0,0.25,0.05750525426258912,0.0,0.0,0.4222222222222222,-0.7000000000000002
78,L,3,0.4,4,4,0.4416666666666667,0.0,h,h4,2,0.25,0.25,0.0,0.25,0.05750525426258912,0.0,0.0,0.9222222222222223,3.8000000000000007
79,T,3,0.4,4,4,0.4416666666666667,0.0,h,h4,2,0.25,0.25,0.0,0.25,0.05750525426258912,0.0,0.0,0.4222222222222222,-0.7000000000000002
80,R,3,0.4,4,4,0.4416666666666667,0.0,h,h4,2,0.25,0.25,0.0,0.25,0.05750525426258912,0.0,0.0,0.0,-4.5
81,P,3,0.4,4,9,0.3901234567901234,0.0,p,p5,2,-0.1111111111111111,0.1111111111111111,0.2222222222222222,0.3333333333333333,0.05907970708151083,0.0,0.0,0.3222222222222222,-1.6000000000000005
82,V,3,0.4,4,9,0.3901234567901234,0.0,p,p5,2,-0.1111111111111111,0.1111111111111111,0.2222222222222222,0.3333333333333333,0.05907970708151083,0.0,0.0,0.9666666666666666,4.199999999999999
83,H,3,0.4,4,9,0.3901234567901234,0.0,p,p5,2,-0.1111111111111111,0.1111111111111111,0.2222222222222222,0.3333333333333333,0.05907970708151083,0.0,0.0,0.14444444444444443,-3.2
84,D,3,0.4,4,9,0.3901234567901234,0.0,p,p5,2,-0.1111111111111111,0.1111111111111111,0.2222222222222222,0.3333333333333333,0.05907970708151083,0.0,0.0,0.1111111111111111,-3.5
85,A,3,0.4,4,9,0.3901234567901234,0.0,p,p5,2,-0.1111111111111111,0.1111111111111111,0.2222222222222222,0.3333333333333333,0.05907970708151083,0.0,0.0,0.7,1.7999999999999998
86,A,3,0.4,4,9,0.3901234567901234,0.0,p,p5,2,-0.1111111111111111,0.1111111111111111,0.2222222222222222,0.3333333333333333,0.05907970708151083,0.0,0.0,0.7,1.7999999999999998
87,R,3,0.4,4,9,0.3901234567901234,0.0,p,p5,2,-0.1111111111111111,0.1111111111111111,0.2222222222222222,0.3333333333333333,0.05907970708151083,0.0,0.0,0.0,-4.5
88,E,3,0.4,4,9,0.3901234567901234,0.0,p,p5,2,-0.1111111111111111,0.1111111111111111,0.2222222222222222,0.3333333333333333,0.05907970708151083,0.0,0.0,0.1111111111111111,-3.5
89,G,3,0.4,4,9,0.3901234567901234,0.0,p,p5,2,-0.1111111111111111,0.1111111111111111,0.2222222222222222,0.3333333333333333,0.05907970708151083,0.0,0.0,0.4555555555555555,-0.40000000000000036
90,F,3,0.4,4,9,0.6876543209876543,0.1111111111111111,h,h5,1,-0.1111111111111111,0.0,0.1111111111111111,0.1111111111111111,-0.22094655731541166,0.62,0.0,0.8111111111111111,2.8
91,L,3,0.4,4,9,0.6876543209876543,0.1111111111111111,h,h5,1,-0.1111111111111111,0.0,0.1111111111111111,0.1111111111111111,-0.22094655731541166,0.62,0.0,0.9222222222222223,3.8000000000000007
92,D,3,0.4,4,9,0.6876543209876543,0.1111111111111111,h,h5,1,-0.1111111111111111,0.0,0.1111111111111111,0.1111111111111111,-0.22094655731541166,0.62,0.0,0.1111111111111111,-3.5
93,T,3,0.4,4,9,0.6876543209876543,0.1111111111111111,h,h5,1,-0.1111111111111111,0.0,0.1111111111111111,0.1111111111111111,-0.22094655731541166,0.62,0.0,0.4222222222222222,-0.7000000000000002
94,L,3,0.4,4,9,0.6876543209876543,0.1111111111111111,h,h5,1,-0.1111111111111111,0.0,0.1111111111111111,0.1111111111111111,-0.22094655731541166,0.62,0.0,0.9222222222222223,3.8000000000000007
95,V,3,0.4,4,9,0.6876543209876543,0.1111111111111111,h,h5,1,-0.1111111111111111,0.0,0.1111111111111111,0.1111111111111111,-0.22094655731541166,0.62,0.0,0.9666666666666666,4.199999999999999
96,V,3,0.4,4,9,0.6876543209876543,0.1111111111111111,h,h5,1,-0.1111111111111111,0.0,0.1111111111111111,0.1111111111111111,-0.22094655731541166,0.62,0.0,0.9666666666666666,4.199999999999999
97,L,3,0.4,4,9,0.6876543209876543,0.1111111111111111,h,h5,1,-0.1111111111111111,0.0,0.1111111111111111,0.1111111111111111,-0.22094655731541166,0.62,0.0,0.9222222222222223,3.8000000000000007
98,H,3,0.4,4,9,0.6876543209876543,0.1111111111111111,h,h5,1,-0.1111111111111111,0.0,0.1111111111111111,0.1111111111111111,-0.22094655731541166,0.62,0.0,0.14444444444444443,-3.2
99,R,3,0.4,4,14,0.39444444444444443,0.0,p,p6,3,0.14285714285714285,0.2857142857142857,0.14285714285714285,0.42857142857142855,0.06574123759544892,0.0,0.0,0.0,-4.5
100,A,3,0.4,4,14,0.39444444444444443,0.0,p,p6,3,0.14285714285714285,0.2857142857142857,0.14285714285714285,0.42857142857142855,0.06574123759544892,0.0,0.0,0.7,1.7999999999999998
101,G,3,0.4,4,14,0.39444444444444443,0.0,p,p6,3,0.14285714285714285,0.2857142857142857,0.14285714285714285,0.42857142857142855,0.06574123759544892,0.0,0.0,0.4555555555555555,-0.40000000000000036
102,A,3,0.4,4,14,0.39444444444444443,0.0,p,p6,3,0.14285714285714285,0.2857142857142857,0.14285714285714285,0.42857142857142855,0.06574123759544892,0.0,0.0,0.7,1.7999999999999998
103,R,3,0.4,4,14,0.39444444444444443,0.0,p,p6,3,0.14285714285714285,0.2857142857142857,0.14285714285714285,0.42857142857142855,0.06574123759544892,0.0,0.0,0.0,-4.5
104,L,3,0.4,4,14,0.39444444444444443,0.0,p,p6,3,0.14285714285714285,0.2857142857142857,0.14285714285714285,0.42857142857142855,0.06574123759544892,0.0,0.0,0.9222222222222223,3.8000000000000007
105,D,3,0.4,4,14,0.39444444444444443,0.0,p,p6,3,0.14285714285714285,0.2857142857142857,0.14285714285714285,0.42857142857142855,0.06574123759544892,0.0,0.0,0.1111111111111111,-3.5
106,V,3,0.4,4,14,0.39444444444444443,0.0,p,p6,3,0.14285714285714285,0.2857142857142857,0.14285714285714285,0.42857142857142855,0.06574123759544892,0.0,0.0,0.9666666666666666,4.199999999999999
107,R,3,0.4,4,14,0.39444444444444443,0.0,p,p6,3,0.14285714285714285,0.2857142857142857,0.14285714285714285,0.42857142857142855,0.06574123759544892,0.0,0.0,0.0,-4.5
108,D,3,0.4,4,14,0.39444444444444443,0.0,p,p6,3,0.14285714285714285,0.2857142857142857,0.14285714285714285,0.42857142857142855,0.06574123759544892,0.0,0.0,0.1111111111111111,-3.5
109,A,3,0.4,4,14,0.39444444444444443,0.0,p,p6,3,0.14285714285714285,0.2857142857142857,0.14285714285714285,0.42857142857142855,0.06574123759544892,0.0,0.0,0.7,1.7999999999999998
110,W,3,0.4,4,14,0.39444444444444443,0.0,p,p6,3,0.14285714285714285,0.2857142857142857,0.14285714285714285,0.42857142857142855,0.06574123759544892,0.0,0.0,0.4,-0.8999999999999999
111,G,3,0.4,4,14,0.39444444444444443,0.0,p,p6,3,0.14285714285714285,0.2857142857142857,0.14285714285714285,0.42857142857142855,0.06574123759544892,0.0,0.0,0.4555555555555555,-0.40000000000000036
112,R,3,0.4,4,14,0.39444444444444443,0.0,p,p6,3,0.14285714285714285,0.2857142857142857,0.14285714285714285,0.42857142857142855,0.06574123759544892,0.0,0.0,0.0,-4.5
113,L,3,0.4,4,7,0.5793650793650793,0.1111111111111111,h,h6,2,-0.2857142857142857,0.0,0.2857142857142857,0.2857142857142857,-0.06002262350345498,0.77,0.0,0.9222222222222223,3.8000000000000007
114,P,3,0.4,4,7,0.5793650793650793,0.1111111111111111,h,h6,2,-0.2857142857142857,0.0,0.2857142857142857,0.2857142857142857,-0.06002262350345498,0.77,0.0,0.3222222222222222,-1.6000000000000005
115,V,3,0.4,4,7,0.5793650793650793,0.1111111111111111,h,h6,2,-0.2857142857142857,0.0,0.2857142857142857,0.2857142857142857,-0.06002262350345498,0.77,0.0,0.9666666666666666,4.199999999999999
116,D,3,0.4,4,7,0.5793650793650793,0.1111111111111111,h,h6,2,-0.2857142857142857,0.0,0.2857142857142857,0.2857142857142857,-0.06002262350345498,0.77,0.0,0.1111111111111111,-3.5
117,L,3,0.4,4,7,0.5793650793650793,0.1111111111111111,h,h6,2,-0.2857142857142857,0.0,0.2857142857142857,0.2857142857142857,-0.06002262350345498,0.77,0.0,0.9222222222222223,3.8000000000000007
118,A,3,0.4,4,7,0.5793650793650793,0.1111111111111111,h,h6,2,-0.2857142857142857,0.0,0.2857142857142857,0.2857142857142857,-0.06002262350345498,0.77,0.0,0.7,1.7999999999999998
119,E,3,0.4,4,7,0.5793650793650793,0.1111111111111111,h,h6,2,-0.2857142857142857,0.0,0.2857142857142857,0.2857142857142857,-0.06002262350345498,0.77,0.0,0.1111111111111111,-3.5
120,E,3,0.4,4,10,0.37666666666666665,0.0,p,p7,3,0.0,0.2,0.2,0.4,0.03419573842822168,0.0,0.0,0.1111111111111111,-3.5
121,L,3,0.4,4,10,0.37666666666666665,0.0,p,p7,3,0.0,0.2,0.2,0.4,0.03419573842822168,0.0,0.0,0.9222222222222223,3.8000000000000007
122,G,3,0.4,4,10,0.37666666666666665,0.0,p,p7,3,0.0,0.2,0.2,0.4,0.03419573842822168,0.0,0.0,0.4555555555555555,-0.40000000000000036
123,H,3,0.4,4,10,0.37666666666666665,0.0,p,p7,3,0.0,0.2,0.2,0.4,0.03419573842822168,0.0,0.0,0.14444444444444443,-3.2
124,R,3,0.4,4,10,0.37666666666666665,0.0,p,p7,3,0.0,0.2,0.2,0.4,0.03419573842822168,0.0,0.0,0.0,-4.5
125,D,3,0.4,4,10,0.37666666666666665,0.0,p,p7,3,0.0,0.2,0.2,0.4,0.03419573842822168,0.0,0.0,0.1111111111111111,-3.5
126,V,3,0.4,4,10,0.37666666666666665,0.0,p,p7,3,0.0,0.2,0.2,0.4,0.03419573842822168,0.0,0.0,0.9666666666666666,4.199999999999999
127,A,3,0.4,4,10,0.37666666666666665,0.0,p,p7,3,0.0,0.2,0.2,0.4,0.03419573842822168,0.0,0.0,0.7,1.7999999999999998
128,R,3,0.4,4,10,0.37666666666666665,0.0,p,p7,3,0.0,0.2,0.2,0.4,0.03419573842822168,0.0,0.0,0.0,-4.5
129,Y,3,0.4,4,10,0.37666666666666665,0.0,p,p7,3,0.0,0.2,0.2,0.4,0.03419573842822168,0.0,0.0,0.35555555555555557,-1.2999999999999998
130,L,3,0.4,4,8,0.5444444444444444,0.0,h,h7,1,0.125,0.125,0.0,0.125,-0.08146849917863092,0.0,0.0,0.9222222222222223,3.8000000000000007
131,R,3,0.4,4,8,0.5444444444444444,0.0,h,h7,1,0.125,0.125,0.0,0.125,-0.08146849917863092,0.0,0.0,0.0,-4.5
132,A,3,0.4,4,8,0.5444444444444444,0.0,h,h7,1,0.125,0.125,0.0,0.125,-0.08146849917863092,0.0,0.0,0.7,1.7999999999999998
133,A,3,0.4,4,8,0.5444444444444444,0.0,h,h7,1,0.125,0.125,0.0,0.125,-0.08146849917863092,0.0,0.0,0.7,1.7999999999999998
134,A,3,0.4,4,8,0.5444444444444444,0.0,h,h7,1,0.125,0.125,0.0,0.125,-0.08146849917863092,0.0,0.0,0.7,1.7999999999999998
135,G,3,0.4,4,8,0.5444444444444444,0.0,h,h7,1,0.125,0.125,0.0,0.125,-0.08146849917863092,0.0,0.0,0.4555555555555555,-0.40000000000000036
136,G,3,0.4,4,8,0.5444444444444444,0.0,h,h7,1,0.125,0.125,0.0,0.125,-0.08146849917863092,0.0,0.0,0.4555555555555555,-0.40000000000000036
137,T,3,0.4,4,8,0.5444444444444444,0.0,h,h7,1,0.125,0.125,0.0,0.125,-0.08146849917863092,0.0,0.0,0.4222222222222222,-0.7000000000000002
138,R,3,0.4,4,9,0.3259259259259259,0.0,p,p8,2,0.1111111111111111,0.2222222222222222,0.1111111111111111,0.3333333333333333,0.11950031184765171,0.0,0.0,0.0,-4.5
139,G,3,0.4,4,9,0.3259259259259259,0.0,p,p8,2,0.1111111111111111,0.2222222222222222,0.1111111111111111,0.3333333333333333,0.11950031184765171,0.0,0.0,0.4555555555555555,-0.40000000000000036
140,S,3,0.4,4,9,0.3259259259259259,0.0,p,p8,2,0.1111111111111111,0.2222222222222222,0.1111111111111111,0.3333333333333333,0.11950031184765171,0.0,0.0,0.41111111111111115,-0.7999999999999998
141,N,3,0.4,4,9,0.3259259259259259,0.0,p,p8,2,0.1111111111111111,0.2222222222222222,0.1111111111111111,0.3333333333333333,0.11950031184765171,0.0,0.0,0.1111111111111111,-3.5
142,H,3,0.4,4,9,0.3259259259259259,0.0,p,p8,2,0.1111111111111111,0.2222222222222222,0.1111111111111111,0.3333333333333333,0.11950031184765171,0.0,0.0,0.14444444444444443,-3.2
143,A,3,0.4,4,9,0.3259259259259259,0.0,p,p8,2,0.1111111111111111,0.2222222222222222,0.1111111111111111,0.3333333333333333,0.11950031184765171,0.0,0.0,0.7,1.7999999999999998
144,R,3,0.4,4,9,0.3259259259259259,0.0,p,p8,2,0.1111111111111111,0.2222222222222222,0.1111111111111111,0.3333333333333333,0.11950031184765171,0.0,0.0,0.0,-4.5
145,I,3,0.4,4,9,0.3259259259259259,0.0,p,p8,2,0.1111111111111111,0.2222222222222222,0.1111111111111111,0.3333333333333333,0.11950031184765171,0.0,0.0,1.0,4.5
146,D,3,0.4,4,9,0.3259259259259259,0.0,p,p8,2,0.1111111111111111,0.2222222222222222,0.1111111111111111,0.3333333333333333,0.11950031184765171,0.0,0.0,0.1111111111111111,-3.5
147,A,3,0.4,4,4,0.49166666666666664,0.1111111111111111,h,h8,2,-0.25,0.0,0.25,0.25,0.010446898627421737,0.43,0.0,0.7,1.7999999999999998
148,A,3,0.4,4,4,0.49166666666666664,0.1111111111111111,h,h8,2,-0.25,0.0,0.25,0.25,0.010446898627421737,0.43,0.0,0.7,1.7999999999999998
149,E,3,0.4,4,4,0.49166666666666664,0.1111111111111111,h,h8,2,-0.25,0.0,0.25,0.25,0.010446898627421737,0.43,0.0,0.1111111111111111,-3.5
150,G,3,0.4,4,4,0.49166666666666664,0.1111111111111111,h,h8,2,-0.25,0.0,0.25,0.25,0.010446898627421737,0.43,0.0,0.4555555555555555,-0.40000000000000036
151,P,3,0.4,4,6,0.3796296296296296,0.1111111111111111,p,p9,2,-0.3333333333333333,0.0,0.3333333333333333,0.3333333333333333,0.14405426601143645,0.0,0.0,0.3222222222222222,-1.6000000000000005
152,S,3,0.4,4,6,0.3796296296296296,0.1111111111111111,p,p9,2,-0.3333333333333333,0.0,0.3333333333333333,0.3333333333333333,0.14405426601143645,0.0,0.0,0.41111111111111115,-0.7999999999999998
153,D,3,0.4,4,6,0.3796296296296296,0.1111111111111111,p,p9,2,-0.3333333333333333,0.0,0.3333333333333333,0.3333333333333333,0.14405426601143645,0.0,0.0,0.1111111111111111,-3.5
154,I,3,0.4,4,6,0.3796296296296296,0.1111111111111111,p,p9,2,-0.3333333333333333,0.0,0.3333333333333333,0.3333333333333333,0.14405426601143645,0.0,0.0,1.0,4.5
155,P,3,0.4,4,6,0.3796296296296296,0.1111111111111111,p,p9,2,-0.3333333333333333,0.0,0.3333333333333333,0.3333333333333333,0.14405426601143645,0.0,0.0,0.3222222222222222,-1.6000000000000005
156,D,3,0.4,4,6,0.3796296296296296,0.1111111111111111,p,p9,2,-0.3333333333333333,0.0,0.3333333333333333,0.3333333333333333,0.14405426601143645,0.0,0.0,0.1111111111111111,-3.5
